id,name,age,city,email
1,Jason Mccann,19,North Margaret,cisnerosraymond@jones-watkins.com
2,Justin Banks,47,Mortonchester,christopher36@gmail.com
3,Michelle Anderson,23,Savagestad,vbrown@padilla.com
4,Karla Mack,56,Amyborough,zrichardson@hotmail.com
5,Cassandra Espinoza,57,Millerfurt,ycummings@hotmail.com
6,Dr. Edward Bruce,41,Mooneyfort,rhicks@lee.com
7,Brenda Landry,26,East Brett,donna34@lopez.com
8,Cody Johnson,39,East Stephen,gbarnett@yahoo.com
9,Matthew King,23,East Bradleystad,bwhite@cooper.org
10,Jessica Gonzales,37,East Jasonborough,kenneth95@yahoo.com
11,Brenda Smith,22,North Marilyn,thomasbaker@gmail.com
12,Stephanie Bowman,35,Lake Kathy,wreyes@gmail.com
13,Brian Maldonado,51,New Andrew,davisdavid@gmail.com
14,Keith Harper,18,Welchchester,zmoore@hotmail.com
15,Jeffery Cooper,28,East Maryville,reednathan@yahoo.com
16,Robert Martin,30,New Jayfort,nancy25@camacho.com
17,Deborah Barnett,45,Lake Scotttown,mark51@yahoo.com
18,Anna Mccann,50,Tammychester,kimberly15@walton.com
19,Timothy Medina,41,North Roger,copelandlisa@hotmail.com
20,James Riddle,48,South Matthew,ystevens@valdez.com
21,Caitlin Nelson,31,Lake Wayne,michellefisher@gmail.com
22,Steven Gillespie,31,New Jason,karen53@cochran-herrera.com
23,Rebecca Barry,20,Lake Courtney,kellernicholas@farmer-reynolds.com
24,Dale Boyd,32,Whitestad,xanderson@gmail.com
25,Megan Jones,31,Christopherport,teresajohnson@delgado.com
26,Carrie James,22,East Stephen,mooremary@yahoo.com
27,Brittany Owens,39,Cabreraview,ievans@gmail.com
28,Cassandra Ross,48,West Zacharyville,haneynancy@wilson.net
29,James Williams,57,Taylorborough,hdunn@yahoo.com
30,Jane Swanson,60,New Kathleenmouth,richardnichols@walter.com
31,Rebecca Mcdonald,50,North Dianeborough,jessica71@aguilar.com
32,Paul Lopez,55,Hunterchester,shelley77@gmail.com
33,Joseph Cline,60,East Gabriel,lisarobertson@glover-simpson.com
34,Kristen Strickland,37,Port Ethan,thill@hotmail.com
35,Jaclyn Moss,21,West Shawn,anthony32@hotmail.com
36,Christine Edwards,43,Rebeccashire,bfrye@robinson.com
37,Charles Shah,51,Andreaberg,sandy93@weeks-johnson.biz
38,Judy Smith,33,Peggyland,walvarez@stafford.org
39,Laura Moody,50,Carrieville,mark24@page.com
40,Marco Simmons,24,Port Melissahaven,mary68@yahoo.com
41,Kelsey Wood,43,Colinshire,teresa82@deleon-todd.com
42,Jennifer Baker,22,Whiteland,jsweeney@yahoo.com
43,Anthony Patterson,55,North Sophia,kristicrawford@zavala.com
44,Bryan Prince,19,Williamsview,brooke46@gmail.com
45,Thomas Allen,56,Katelynshire,mclaughlinandrew@campbell.biz
46,Brandon Mitchell,24,Kimberlyborough,vwebb@yahoo.com
47,Abigail Deleon,23,New Betty,plucas@valdez.com
48,Donna Hanson,51,East Nicole,christinarodriguez@hotmail.com
49,Dennis Jenkins,34,Williamsonbury,mbrock@gmail.com
50,William Jackson,34,East Joanne,kellybooth@thompson-gonzalez.com
51,Elizabeth Cochran,26,Port Danielhaven,allisonsummers@stout-williams.com
52,Barbara Lopez,20,Jamesborough,charlesjackson@hotmail.com
53,Valerie White,34,South Aliciabury,darren15@williams.biz
54,Christian Foley,60,Comptonburgh,phillipsgina@yahoo.com
55,Lance Floyd,18,Port Jamesmouth,powen@yahoo.com
56,Tami Cruz,59,Morrisview,hcordova@gmail.com
57,Henry Riley,52,West Mark,wrightandrew@gmail.com
58,Alicia Turner,58,Lake Charles,wjordan@gmail.com
59,Dustin Robertson,42,Davidstad,ronaldlewis@patel.net
60,Vanessa Pacheco,37,Angelamouth,rstewart@hotmail.com
61,Ms. Rebecca Collins,43,Nortonstad,kimberlydorsey@gmail.com
62,Stacey Rivas,22,Lake Alyssaton,ryanharris@yahoo.com
63,Michelle Villanueva,39,Jamesbury,holly13@black.org
64,Ryan Moore,53,Michaelborough,knavarro@peters-bird.com
65,Nicholas Rogers,41,West Theresa,nielsenmorgan@yahoo.com
66,Mark Booth,31,West Jonburgh,bishopsteven@hotmail.com
67,Casey Wilson,32,North Shannontown,miguelorozco@gmail.com
68,Maria Nguyen,32,Pamelabury,marcusnguyen@massey.com
69,Jonathan Baldwin,31,Andrewsshire,kurt82@burns.com
70,Eric Reese,35,Lake Leslie,phall@meyers-thompson.org
71,Jordan Chavez,50,Javierstad,nicholas80@yahoo.com
72,Caleb Grant,54,Jeffreyfort,kyle86@gmail.com
73,Brian Holt,41,Lake Patricia,antonio18@delgado.com
74,Jacob Murray,45,North Laura,kathrynashley@gmail.com
75,Kyle Callahan,24,Kevinstad,grayrebecca@williams-price.com
76,Mr. Patrick Edwards,39,South Ronaldton,milleranthony@hotmail.com
77,Sherry Benson,19,West Briana,sarah47@hotmail.com
78,Dawn Compton,33,Whitneyport,loweholly@smith-mcdaniel.com
79,Kathy Duncan,59,Jacquelinehaven,johnsontammy@moore-bailey.com
80,Kimberly Ramsey,19,Chapmanton,robertroberts@blankenship.com
81,Lisa Hunter,42,Riddleshire,jessica34@yahoo.com
82,Monica Adams,41,Cannonberg,dbrooks@hotmail.com
83,Ronald Howard,43,Johnathanfort,wreynolds@yahoo.com
84,Ryan Rush,22,Port Stevenshire,krussell@campbell.biz
85,Melissa Sanchez,25,Smithborough,dawsonstephanie@kennedy.com
86,Joseph Hoover,30,Danielberg,martin37@scott.com
87,Kevin Booth,42,South Richard,jonesmorgan@king.com
88,Matthew Brown,56,New Jason,awilliams@gould.info
89,Tracy Watson,54,Bellchester,vmartin@dixon.com
90,Larry Velazquez,54,West Jessica,melissaibarra@gmail.com
91,Mr. Edward Crawford,22,Riggsmouth,renee56@gmail.com
92,Carolyn Ward,36,Josephmouth,michaelmiller@johnson.net
93,Jimmy Sutton,59,East Rachel,henrydiana@foster.com
94,Brian Rivers,48,Erichaven,lflores@green.com
95,Roberta Hull DDS,57,Davidsonfort,michael94@yahoo.com
96,Jared Smith,21,Kristenberg,ramseybarbara@yahoo.com
97,Melissa Burke,49,East Katherine,rachel37@hotmail.com
98,Harold Munoz DVM,31,West Catherine,darlene40@hotmail.com
99,Gloria Hicks,35,North Mistybury,angela43@jones.biz
100,Ryan Weaver DDS,41,Clarkfurt,kgarza@yahoo.com
101,Shannon Thornton,32,Powellhaven,laura27@hotmail.com
102,Cody Parker,45,Melanieburgh,wlopez@perry.com
103,Jacob Taylor,58,New Patriciastad,htaylor@hicks.org
104,Ryan Krueger,43,Rachelshire,cindysilva@hotmail.com
105,Andrea Ferguson,44,Port Ryan,lopezsharon@gmail.com
106,Kevin Bean,47,Garciastad,sharonerickson@jackson.com
107,Angela Rodriguez,56,Jasonchester,meganhill@mclaughlin-roberts.com
108,Shane Cain,31,South Sergio,patrick18@hansen.net
109,Patricia Lutz,40,East Raven,kennethbradley@bishop.net
110,Tiffany Harrison,35,New Matthew,ysmith@yahoo.com
111,Carrie Bray,30,Lake Melaniemouth,joe99@stanley-hernandez.biz
112,Christopher Villarreal,41,Crystalside,melissahuerta@delgado-powell.org
113,Tyler Perez,34,Jenniferbury,allenchris@lopez.info
114,Jennifer Rocha,38,West Sandra,paulleon@yahoo.com
115,Brenda Allen,18,East Jameschester,williamspeter@oliver.info
116,Sandra Mcclure,38,East Heatherport,ijefferson@sanford.com
117,Rebecca Barnett,42,Whiteview,curtis14@peterson.info
118,Rebecca Davis,31,East Henryborough,matthewrubio@hotmail.com
119,Rodney Garcia,52,Alvaradofort,cookmary@carson.com
120,Valerie Torres,51,Lake Dannyville,guzmansharon@miller.com
121,Paul Kelly,54,Alexisland,cooperjeffery@rivera.com
122,Amy Jimenez,44,West Erica,vstokes@solis-clark.biz
123,Kimberly Vega,38,South Michael,scottdavis@gmail.com
124,Felicia Torres,39,New Jennifer,zfarmer@yahoo.com
125,Kimberly Mann,50,North Jacob,bknight@greene-smith.com
126,Kimberly Green,38,South Brandon,justin21@tucker.com
127,Maria Murray,32,Port Randy,christophergarcia@taylor.com
128,Jason Martinez,46,Edwardstad,katherine31@ellis-mcdaniel.biz
129,Kelsey King,54,New Theresatown,esantiago@ford-wallace.com
130,Steven Gallagher,52,Glennberg,qhurley@hotmail.com
131,Stephanie Frank,33,New Gwendolynfurt,holmesadam@yahoo.com
132,Lance Chang,60,North Amyton,karen60@parker-willis.net
133,Erica Estrada,36,Port Fernandochester,kathleendean@hotmail.com
134,Roberta Scott,44,New Brady,wilkinskaren@clark.info
135,Diana Foster,31,South Scott,amy05@yahoo.com
136,Joshua Pennington,22,East Emilyberg,grantarnold@bond.com
137,Jill Rogers,46,Port Danielchester,ellen32@lopez.net
138,Zachary Coleman,54,Petershire,stephenmatthews@gmail.com
139,Cody Miller,37,South Alexside,shawn19@yahoo.com
140,Cassandra Grant,41,Brownstad,harrisbrian@yahoo.com
141,Rachael Stevens,26,North Jordan,wjacobs@adams.com
142,Carl Hamilton,53,West Anna,lopezchristopher@adams.info
143,Kimberly Doyle,30,Mandyville,arussell@gmail.com
144,Kathryn White,37,Mooreburgh,jtaylor@gmail.com
145,Caitlin Estrada,38,Ryanburgh,lisablack@park.com
146,Daniel Johnson,53,Jefferyhaven,bjones@hotmail.com
147,Sharon Villegas,46,East Paul,gregoryoneill@gmail.com
148,Erica Irwin,27,South Brettburgh,john79@le.org
149,Brian Day,32,West Garrett,paulchristopher@yahoo.com
150,Paul Henderson,20,Lorifort,lewisjohn@yahoo.com
151,Edward Pugh,25,Westhaven,perkinskenneth@gmail.com
152,Kiara Jones,18,Stricklandview,smithgail@james.com
153,Amy Mitchell,18,Jamesmouth,michellehurst@mccoy.info
154,Mrs. Mary Williams,53,Kaitlinstad,hallbrandon@wyatt-griffin.com
155,Sherry Ramirez,54,South Tracyberg,alvaradomelissa@hotmail.com
156,Stephen Miller,27,Lake Margaret,samanthasullivan@hotmail.com
157,Lindsey Ruiz,19,Blakeview,janderson@hotmail.com
158,Natasha Morales,38,East Michael,smithjulian@browning-wright.biz
159,David Murray,60,Jenniferport,hernandezgeorge@michael.com
160,Eric Davenport,50,North Shane,fwalker@yahoo.com
161,Dr. Samantha Greer,29,North Jamesfurt,lindaruiz@yates.com
162,Justin Walters MD,30,Andrewsmouth,ndavis@robertson-hansen.com
163,Candace Robinson,27,West Katiehaven,tsutton@hotmail.com
164,Daniel Mccarty,54,Scottton,huntbrad@yahoo.com
165,Maurice Andrews,54,Lake Rodneyton,michellebowers@hotmail.com
166,David Galloway,25,New Aliciachester,pamela39@weber.com
167,Adriana Scott,42,South Aaronside,idunlap@mitchell-taylor.com
168,Kathryn Sullivan DDS,19,Rachelhaven,brianhughes@hotmail.com
169,Steven Pham,38,Melissaborough,christina37@gmail.com
170,Andrew Webb,37,Port Thomas,simpsongabrielle@johnson.com
171,Amber King,49,New Antoniohaven,josephdavis@barton.com
172,John Stephens,57,West Michaelshire,gwendolyn82@williamson-kennedy.com
173,Mary Lyons,52,Johnmouth,john45@welch.com
174,Nathan Walker,31,Millermouth,ortizzachary@hotmail.com
175,Catherine Walker,21,Hendersontown,courtneyrobinson@ray.com
176,Gregory Miller,60,Leslieland,oevans@hotmail.com
177,Brandy Payne,57,Lake Cheryltown,thompsonjames@adams.com
178,Elaine Woodward,46,Danielfort,david99@hotmail.com
179,Jeffrey Andrews,37,West Ashleymouth,lpeterson@gmail.com
180,Timothy Brewer,19,North Scott,ysmith@gmail.com
181,Heidi Roberts,54,Kaylaton,tammylang@washington.biz
182,Stephanie Sloan,40,Wiseville,ronald56@ortega-lucas.net
183,Karen Peters,59,Jeffreyport,adamsjoseph@quinn.com
184,Jon Smith,36,Figueroastad,wrightalexis@hotmail.com
185,Debra Rodriguez,29,South Tracy,angelica73@barnett-mcdonald.com
186,Jonathan Jackson,37,New Lindachester,alexanderrobinson@ford.net
187,April Deleon,56,West Adamchester,wsanchez@gmail.com
188,Nicole Sandoval,52,Teresaland,evelyn79@lewis-villanueva.com
189,Debra Price,46,New Markburgh,gjohnston@yahoo.com
190,Christopher Moore,59,Pattersonbury,vthomas@yahoo.com
191,James Parks,42,Serranoview,colemantiffany@harris-cannon.com
192,Eric York,42,South Eugene,cabrerasarah@green.com
193,Carolyn Campbell,26,Benjaminhaven,moraleschristopher@hotmail.com
194,Robin Wilson,55,Petersonfurt,travishughes@washington.biz
195,William Mcgee,45,Royhaven,jameslowe@smith.com
196,Ryan Lee,31,West William,sheila58@moran.net
197,Kathleen Lee,44,Daisyborough,christinemarshall@steele.com
198,David Martin,59,Frankside,hthompson@marshall.com
199,Raymond Williams,37,East Christophershire,clarktimothy@hotmail.com
200,Elizabeth Young,51,East Andrew,tiffanylawson@kidd.com
201,Christopher Kennedy,28,Adamsfort,daybrittany@hotmail.com
202,Angelica Richmond,27,Johntown,josephparker@turner.com
203,Bryan Harris,30,Lake Sarahfurt,alexis94@hotmail.com
204,Amanda Robinson,43,Juantown,david91@howard-foster.org
205,Joseph Murphy,36,Kylefort,ajames@charles.info
206,Laura Wilson,37,Millerview,richard82@mccormick.biz
207,Brooke Roberts,46,Marioland,jackbryant@hotmail.com
208,Jamie Carlson,26,Steelehaven,milleramanda@bennett.biz
209,Aaron Jones,60,Spencermouth,alexanderjustin@gmail.com
210,Natalie Mcintyre,25,New Vanessabury,michaelthompson@yahoo.com
211,Yesenia Smith,30,Martinhaven,lauramurphy@moreno.com
212,Austin Flowers,58,Wilcoxview,sabrinachapman@yahoo.com
213,James Reyes,41,North Jamesport,miranda35@hotmail.com
214,Anita Clarke MD,60,Bryanfurt,pachecokevin@caldwell.biz
215,Samuel Strong,21,Brucechester,joseph89@yahoo.com
216,Haley Coleman,20,South Shawnborough,yramirez@mclaughlin-gray.com
217,Brandy Morris,44,Sharonberg,ryanmejia@blanchard.com
218,Daisy Cook,57,Teresafurt,lucasteresa@yahoo.com
219,John Dean,43,West Amyshire,hullstephen@jones-howard.com
220,Mrs. Melissa Garcia DDS,26,South Dorothyfurt,kaylarosales@gmail.com
221,Timothy Moreno,30,East Austinstad,dlamb@yahoo.com
222,Amy Roberson,50,East Kelly,austinnancy@rice.com
223,Matthew Taylor,18,East Cindy,tross@yahoo.com
224,Rachel Colon,53,New Courtney,steve69@moreno.com
225,Dr. Misty Jones,37,Hoffmanburgh,qwhitehead@gmail.com
226,Barbara Espinoza,52,Lake Jason,daniel91@hotmail.com
227,Kevin Ponce,53,West Ashleymouth,jill29@hotmail.com
228,Troy Bullock,58,Port Elizabethborough,xbrown@hotmail.com
229,Renee Robertson,23,West Arthurbury,richardsonadam@ellison.com
230,Donald Taylor,60,South Amanda,meyerstammy@gmail.com
231,Stephen Duran,26,Christophermouth,clarkrichard@yahoo.com
232,Cassidy Jones,36,Meghanchester,shanemckee@yahoo.com
233,Dylan Richardson,44,East Deborah,curtis76@martinez-duncan.info
234,Scott Johnson,25,West Shelly,patrickortiz@gmail.com
235,Terry Porter,45,Ryanview,uporter@sanchez.com
236,Sarah Olson,48,Port Elaineborough,cody64@turner-mason.net
237,Amanda Montoya,43,Owensfort,fbray@brown.info
238,Timothy Anderson,22,Lake Ronald,jeffrey16@gmail.com
239,Robert Hayes,41,Francesland,donnafreeman@yahoo.com
240,Stephen Allen,38,Geoffreymouth,robert25@harrison.net
241,Nathan Castro,55,Martinberg,esteschristopher@yahoo.com
242,Robert Faulkner,59,North Jennifer,amyward@gmail.com
243,Julia Mitchell,44,Conniehaven,ernest16@hotmail.com
244,Kelly Anderson,50,Port Amanda,hogananthony@hotmail.com
245,Benjamin Martin,41,Kennethburgh,miguel03@gmail.com
246,Edward Carlson,48,Gibsonside,patelangela@gmail.com
247,James Elliott,52,Fosterfort,heathergoodman@murphy.com
248,Dawn Smith,25,South Tonya,guzmanelizabeth@gmail.com
249,Sean Jackson,27,Gabrielashire,pbriggs@hotmail.com
250,David Torres,19,East Monica,darrell07@browning.com
251,Calvin Short,46,Santiagofort,jonesedward@jones.com
252,Lisa Gomez,24,East Paul,katie94@wagner.info
253,James Foster,47,Smithberg,roger68@jones.com
254,Cristian Stewart,56,Port Wayne,nflores@hotmail.com
255,Stephanie Browning,46,South Robertshire,royhamilton@gmail.com
256,Morgan Moore,45,North Yolanda,brandyhickman@anderson-anderson.biz
257,Mary Knapp,42,North Eric,heidifitzgerald@mcguire-brooks.biz
258,Thomas Hernandez,57,New Samuelland,mpatel@owen.info
259,Erin Dudley,29,South Alexanderside,sherry02@jensen-conner.com
260,Nicole Williams,56,North Alexander,kaitlyn27@gmail.com
261,Matthew Brown,52,Fletcherfort,jenniferhendrix@yahoo.com
262,Karen Byrd,51,Port Shelly,douglas27@perez-ruiz.com
263,Ruth Marks,59,Smithbury,gibsonshannon@hotmail.com
264,Sarah Castro,32,South Jacobberg,cmyers@ibarra.net
265,Corey Simmons,50,Ronaldberg,morenojason@yahoo.com
266,Amanda Stanton,30,Ashleystad,ramirezbrent@gmail.com
267,Andrew Wilson,20,Lindseymouth,castanedabrianna@perez-wade.com
268,Tracy Thompson,48,Leetown,teresa85@parks.com
269,John Brown,34,Lake Cheryl,carlawilson@hotmail.com
270,Matthew Delgado,47,Port Patrick,timothy27@nelson.com
271,Gloria Kline,22,Lake Patricia,gpittman@cummings.com
272,Gary Reyes,19,Aguilarberg,hkaiser@hotmail.com
273,Amanda Hawkins,27,Veronicachester,millermorgan@bennett-krause.com
274,Ashlee Shepherd,37,New Ashley,tuckermary@gmail.com
275,William Williamson,49,Marksland,allenjoan@perez.com
276,Michelle Burns,40,Port Megan,james05@yahoo.com
277,Ashley Higgins,21,Ashleyland,donaldcummings@yahoo.com
278,Monique Young,22,Hawkinsberg,bethanyhughes@hotmail.com
279,Amanda Weber,31,Theresaport,gabriellejones@martin.com
280,Kenneth Martin,44,Reedville,david32@hotmail.com
281,Crystal Soto,44,Caroltown,tuckerrichard@harrison-huff.biz
282,Charles Lindsey,18,Port Ronaldville,clairekemp@wagner.com
283,William Luna,29,Port Adamview,esheppard@adams.info
284,Johnathan Swanson,56,Mendezfort,rlewis@meyer.com
285,Adam Allison,31,Shawnside,rodriguezjames@booker-valencia.com
286,Mrs. Rebecca Parks MD,25,East James,jennifer22@james.info
287,Nicholas Crawford,22,Ericachester,morrowmathew@garner.com
288,Brandon Stuart,38,East Maria,ingramjoshua@gmail.com
289,Christopher Martinez,51,Melanietown,smithjulie@williamson.com
290,Laura Bailey,36,South Fernandoshire,willisruth@pacheco.com
291,Jeremy Peters,37,Douglasside,jblackburn@murray.com
292,John Martin,18,North Charlesshire,edwardmurphy@gmail.com
293,Scott Cooper,54,Campbellfort,wagnerbrandy@hotmail.com
294,Stephanie Baker,25,Carsonview,richardbridges@brooks.com
295,Leah Higgins,48,Lake Rachelshire,kpayne@medina.com
296,Melissa Wilson,25,Johnsonfort,mrussell@estrada.com
297,Paul Miller,40,New Johnbury,zmanning@walters.org
298,Cassandra Moore,52,Christiebury,qferguson@yahoo.com
299,Ricky Martin,21,Garnermouth,evan61@spencer.com
300,Lindsey Rodriguez,57,North Jessica,saramckee@yahoo.com
301,Ann Olsen,47,Jaimeport,kimberly44@haynes.com
302,Thomas Terrell,32,Justinview,tinahorne@clark.biz
303,Debra Wood,40,Lake James,mstewart@yahoo.com
304,Lisa White,28,Jasminshire,rperez@brown.com
305,Shawn Warren,56,New Nicholas,jamiesmith@curry.info
306,Jacob Bauer,20,Freemanport,gtaylor@yahoo.com
307,Laurie Lopez,56,Millerport,hawkinselizabeth@wilson.com
308,Cheryl Carpenter,58,Lake Hector,christopherperez@gmail.com
309,Matthew Edwards,60,North Jeffery,kristenchen@yahoo.com
310,Amber Houston,25,Tannerberg,amber24@jackson.net
311,Ryan Harris,53,Ortiztown,rebecca17@carpenter.biz
312,Shelby White,53,Whitemouth,ronald11@yahoo.com
313,Kimberly Cruz,26,South Chadhaven,danielsanna@underwood.com
314,Brandon Huang,46,North Davidport,marcpowers@gmail.com
315,Mindy Willis,21,Tonyaville,parkerchristopher@johnson.com
316,Grace Davis,46,Port Kellyland,rhonda53@campbell-guerra.org
317,Wanda Smith,49,Tiffanyburgh,ldavis@hotmail.com
318,Debra Thomas,41,New Stephen,joshua73@hotmail.com
319,Gary Nelson,41,Lake Angela,tara16@yahoo.com
320,Jimmy Mayo,49,Lukeville,fmay@kelley-robbins.com
321,Nicolas Williams,56,Valdezburgh,palmerhannah@gmail.com
322,Jason Thomas,45,Lake Kennethborough,nicholaswilson@yahoo.com
323,Tiffany Burns,20,Mariefort,andrea03@wheeler.info
324,Herbert Kennedy,26,New Anthony,jilldavis@floyd.biz
325,Jennifer Vega,20,Cunninghamfurt,debra04@hotmail.com
326,Anthony Bell,47,East Ericaland,rhanson@gmail.com
327,Trevor Gonzalez,34,Port Angela,houstonamy@rodriguez-galvan.com
328,Cody Paul,19,Adamport,danielle48@hotmail.com
329,Brenda Reese,47,Smithtown,lmorse@barrett-waters.com
330,Todd Stevenson,32,Aarontown,mendozamolly@bruce-dunlap.com
331,Katherine Ellis,37,Davidmouth,william73@gmail.com
332,Kaylee Thomas,37,Jeffreyburgh,pooletimothy@curry-gonzalez.com
333,Abigail Jackson,51,North Daniel,scottrobert@hotmail.com
334,Angela Meyers,41,Lake Danielle,kevin22@pollard.com
335,Edward Johnson,29,South Davidberg,fyates@fernandez.com
336,Jonathan Thompson,48,New Dawn,heather30@beard.com
337,Jeffrey Carson,28,Michaelside,xdyer@yahoo.com
338,Lisa Howell,60,Port Denise,mcdaniellindsey@reyes.org
339,William Carter,57,Grantbury,melissa21@cruz.biz
340,Christina Ortiz,18,Kimberlyshire,amber20@gmail.com
341,William Wolf,51,Lake Deniseport,andreagraves@hotmail.com
342,Daniel Brandt,47,Troyburgh,mwilliams@smith-rodriguez.com
343,Howard Cunningham,53,Lake Amanda,michelleschmitt@jones.info
344,Dr. Crystal Taylor,27,South Marialand,philip85@hotmail.com
345,Brent Richardson,28,Lake Glenn,charles25@perez.com
346,Brian Walton,58,North Danielberg,lisa13@boyer-ward.com
347,Terry Mills,32,North Susanmouth,jeffrey30@hotmail.com
348,Patrick Walker,58,West Anita,greertyler@gmail.com
349,Crystal Wade,26,Matthewland,dunderwood@gmail.com
350,Emily Willis,51,East Jenniferburgh,gonzalezdean@long.com
351,Tiffany Davis,18,Jasonberg,cconner@sutton.com
352,Jacob Burgess,40,Ashleyside,kristinafox@hotmail.com
353,Katelyn Oneill,42,Lauraborough,grossthomas@hotmail.com
354,John Evans,42,South Angelaberg,sergiothompson@sampson.org
355,Mark Sosa,19,Lake Nancyfurt,jaclyn94@gmail.com
356,Joseph Werner,24,Judymouth,reillymeghan@yahoo.com
357,Michael Johnson,29,Philipborough,thompsonmartha@yahoo.com
358,Tracey Haas,22,Thomasbury,woodselizabeth@yahoo.com
359,Kristin Castillo,39,Douglasshire,castanedajeffrey@richardson.com
360,Tonya Castillo,27,Port Marcusborough,morsezachary@santiago.org
361,Nicole Jones,22,Johnsonport,kristina31@allen.com
362,Jordan Johnson,40,Johnsontown,raymondreeves@powell-smith.com
363,Thomas Lopez,53,West Shaun,justinlowe@yahoo.com
364,Beth Mccoy,38,South Michaelchester,wilsonandrew@yahoo.com
365,Amy Curtis,47,Lake John,william66@flynn-thornton.com
366,Stephanie Morrison,28,West Karabury,travisdavidson@cross.biz
367,David Rivera,60,South Travis,caseyjanet@shaw.com
368,Joshua Fritz,26,Stanleyhaven,ramirezcharles@wood-sweeney.com
369,Dawn Noble,33,Evanstown,brandon00@yahoo.com
370,Emily Nguyen,28,North Loritown,ruizjoseph@gmail.com
371,Larry Lopez,31,Port Patrickmouth,fmills@doyle.info
372,Jonathan Sullivan,39,West Belindahaven,bclark@yahoo.com
373,Grace Ramos,38,Port Lori,wcole@collins-hernandez.com
374,Robert Mitchell,26,Joshuamouth,mmiller@hotmail.com
375,Gabriela Taylor,49,South Paulaview,ufernandez@hotmail.com
376,Jodi Jackson,38,East Wayneland,markgarner@hernandez-hernandez.com
377,Monica Wood,52,New Mark,laguilar@gmail.com
378,Joseph Rush,53,Chloeville,vjones@hotmail.com
379,Jessica Fernandez,53,Leefurt,paulrowe@rodriguez.info
380,Stephanie White,56,South Stephanie,bryan61@calderon.org
381,Wyatt Brown,54,Thompsonhaven,shaunparker@logan-chung.com
382,Shane Chapman,39,West Shaun,carla11@blankenship.org
383,Mariah Mcmahon,35,East Darlene,greermary@yahoo.com
384,Lindsey Burnett,20,East Jeremyburgh,christianjacob@anderson-day.net
385,Dan Gilmore,40,Johnmouth,hooverangela@silva.org
386,Michael Cruz,24,Brianchester,rmedina@hunt-nichols.com
387,Donna Hines,57,South Melissa,michaelyates@stein.net
388,Jason Butler,31,North Charleshaven,yfields@gmail.com
389,Samantha Collins,53,Port Alexanderport,anna74@gmail.com
390,William Hawkins,29,Simmonsfurt,mlloyd@rowland.com
391,Jennifer Richardson,32,Littleview,peternelson@hotmail.com
392,Brianna Dunn,37,Lake Allison,tmiller@leblanc.biz
393,Kayla Robinson,29,Marissafort,urobertson@gmail.com
394,Clifford Morton,31,Jefferytown,sarahharris@suarez.org
395,Melinda Smith,42,Lake Victor,dcarey@ramsey.com
396,Jillian Reeves,49,Snowfurt,victoriathompson@gmail.com
397,Dillon Martin,20,East Bridgetstad,barbara63@gmail.com
398,Christine Munoz,43,Port Miguel,briancruz@hudson-howard.biz
399,Michelle Moreno,20,South Caleb,jolson@yahoo.com
400,Ricky Fischer,35,Jacobchester,daniel86@hotmail.com
401,Kristie Smith,30,South David,mariomann@carrillo-jackson.com
402,Michael Townsend,57,Huffmanland,collinsmichelle@ward-obrien.org
403,Robert Harvey,37,Daviston,vwells@hotmail.com
404,Jerry Dominguez,29,West Javier,davidbutler@hinton.org
405,Travis Maynard,50,Dylanhaven,erin57@lutz.com
406,Traci Murphy,54,Brittanyhaven,kristinwilson@hotmail.com
407,Lisa Rasmussen,57,Jonesshire,pamelawalker@hotmail.com
408,Mary Lopez,22,Lake Michaelfort,richardsjoe@yahoo.com
409,Danielle Tanner,57,Millsstad,nathan95@hotmail.com
410,Heather Newman,25,Geraldstad,markbrown@gmail.com
411,Katherine Martin,40,Websterstad,sblankenship@kim-davis.com
412,Tiffany Wells,25,Allenmouth,tuckervictoria@gmail.com
413,Grant Mullins,18,Angelachester,micheal16@gmail.com
414,Debbie Neal,19,North Emily,vpierce@williams.com
415,Debbie Moore,18,Douglasland,vnelson@weber-reyes.org
416,Christopher Bowen,20,East Monica,joneswalter@yahoo.com
417,Ashley Mcbride,31,Port Susanstad,emilyrichards@gmail.com
418,Virginia Donovan,29,Welchfort,molly35@mcguire.com
419,Mia Williams,50,East Josephfurt,meganmorgan@arias.biz
420,Marcus Sanchez,29,Lake Davidfort,jacksonkristy@french-ramos.com
421,Nicholas Ramirez,43,Villafort,simsariana@farmer.biz
422,Caitlin Sandoval,46,Kennethtown,garciahannah@barnett.info
423,Bruce Thompson,27,East Eric,uroth@hotmail.com
424,Sharon Evans,56,Port Shirleymouth,amanda16@mathis-collins.com
425,Amy Porter,59,South Randallview,kayla30@gmail.com
426,Lori Dean,25,Rhondatown,thomas82@hotmail.com
427,Michelle Marquez,53,Port Janicechester,lauren14@west.info
428,David Ballard,23,Ericksonbury,carteralicia@johnson.com
429,Jennifer Nash,23,East Susanshire,rwelch@collins.com
430,Rachel Mccoy MD,39,South Michaeltown,warnerjason@gmail.com
431,Alex Hill,31,Christopherport,brendawilliams@smith.org
432,Theresa Wilson,52,Danielport,jennifer04@hotmail.com
433,Marie Hicks,34,South Julie,glynch@hicks-ayala.com
434,Kimberly Olson,32,Daltonton,david50@gmail.com
435,Christopher Cochran,32,Brandonton,russellamy@hotmail.com
436,Jennifer Lopez,56,Nicoleborough,isaacbaker@bates.com
437,Richard Munoz,45,Port Dylan,johnsontamara@hotmail.com
438,Russell Garcia,55,Lake Lori,heatherwilliams@yahoo.com
439,Ricardo Yang,32,Riveratown,torrespamela@hotmail.com
440,Michelle Walker,47,Burnsside,saraaustin@yahoo.com
441,John Navarro,28,Ericshire,sparkstheresa@jones.net
442,Linda Marks,45,East Todd,irasmussen@bennett.org
443,Charlotte Clark,50,Joshuashire,maria11@lawrence-morales.com
444,Kelsey Mills,24,New Thomasview,karen65@morris.org
445,Don Bennett,57,East Julia,katherinejohnson@gmail.com
446,Nicholas Saunders,53,Chenborough,jeremy00@knight.com
447,Ashley Miller,41,West Craigmouth,ritterbrooke@hotmail.com
448,Rebecca Bruce,40,North Ethan,jasondonaldson@cardenas.biz
449,Aaron Lee,33,Lynchside,jacobsjamie@martin.net
450,Michael Cameron,51,Jenniferbury,carterkristen@randall.net
451,Tammy Wiley,42,Raymondchester,greenlouis@fisher.com
452,Christopher Hunter,18,Hollyville,shannon54@robinson.info
453,Bryan Harris,38,Jenniferhaven,marcussnow@hotmail.com
454,Martin Steele,51,Port Linda,parksdouglas@torres-wagner.com
455,Lori Valentine,45,West Devin,wilkinsonjustin@vaughn.info
456,Christina Sanchez,45,Port Geoffreyview,natalie42@haynes.com
457,Brooke Knight,57,New Andrew,doughertyrachel@gmail.com
458,Pedro Becker,41,Port Jamiechester,monica68@burnett.biz
459,Caitlin Gomez,39,Westfort,tiffanybarry@dean.info
460,Marie Mckinney,56,South Anthony,joshua96@yahoo.com
461,Steven Hart,46,Williamfort,lawrencemyers@gmail.com
462,Katherine Mckinney,41,West Evan,moniquewilliams@hotmail.com
463,Angela Ferguson,39,Jeffreytown,caitlinvasquez@perez.biz
464,Matthew Osborne,20,South Thomasfurt,nfrederick@gmail.com
465,Joyce Vaughn,46,North Theresa,scott87@burke.com
466,Amanda Brown,60,Georgeberg,michael93@rice.biz
467,Amanda Johnson,28,Port Andrewchester,margaretgordon@hotmail.com
468,Lindsey Alexander,54,Lake Angelaton,max34@yahoo.com
469,Arthur Stevens,35,Harrisonstad,sarah00@gmail.com
470,Matthew Rodriguez,55,Debraport,billy81@king.com
471,Robert Kelly,29,New Gina,jimmycummings@gmail.com
472,Jill Mann,60,New Steven,jose41@gmail.com
473,Jon Ramirez,25,South Jody,juan20@hotmail.com
474,Dwayne Francis,41,Sloanland,wlee@yahoo.com
475,Brian Smith,41,Randolphhaven,josephmichelle@gmail.com
476,Dana Keith,23,Bowmanborough,eclark@gmail.com
477,Barbara Strong,25,Port Amanda,kellypearson@davidson.org
478,Ernest Allen,39,Bradshawberg,scottreid@yahoo.com
479,Amanda Anderson,42,Lake Debra,patriciahammond@yahoo.com
480,Danny Houston,25,Port Brandonland,timothy24@evans.net
481,Linda Charles,37,Port Brandy,johnhanna@hotmail.com
482,Ashley Newman,22,Kellyland,deborah81@choi.com
483,Eric Wong,24,Robbinsview,tylerjennings@lawson.org
484,Gregory Howard,39,West Carolland,mknight@oliver.com
485,Anthony Morris,28,Port Anthonyborough,westdylan@barrera.com
486,Deanna Kirk,26,Beckychester,obennett@cox-shaffer.com
487,James Hernandez,57,Nortonside,jason99@gmail.com
488,Daniel Payne,22,Melissaview,lopezlinda@yahoo.com
489,Sara Davis,23,South Johnnyhaven,washingtonjohn@gmail.com
490,Lauren Carter,50,Dianahaven,crystalscott@rosales.com
491,Kyle Harris Jr.,45,South Juliaville,bschmidt@hotmail.com
492,Noah Simmons,28,North David,walter73@matthews-fisher.net
493,Brian Nguyen,29,Barnettshire,pettykenneth@henderson.com
494,Robert Walker,32,Lake Tyler,bobby76@baxter.com
495,Brenda Sanders,53,Port James,johnjohnson@yahoo.com
496,Jeremy Webster,23,West Regina,adamsrodney@reeves.biz
497,Maria Franco,23,West Tommybury,iblankenship@gmail.com
498,Trevor Bates,35,Shepardburgh,umorgan@yahoo.com
499,Steven Oliver,41,Grayport,nprice@tran-andrews.com
500,Brandy Espinoza,46,Collinview,sheriholt@morris-arnold.com
501,Jaclyn Richardson,41,Nicolemouth,btanner@davis.com
502,Kevin Mckinney,18,Port Linda,fvelazquez@hansen-johnson.net
503,Nancy Randall,60,West Jason,michael03@hotmail.com
504,Zachary Smith,45,Wardfurt,troy58@kelly.com
505,Dr. Adam Johnson,40,New Miguelburgh,sweeneyrobin@hotmail.com
506,Jason Kramer,29,West Kara,burkepeggy@hotmail.com
507,Stephanie Gilmore,55,Robertborough,tonya33@gmail.com
508,Mark Brock,57,Sampsonfurt,jon38@francis.com
509,Marc Blair,44,Chungville,krivera@gmail.com
510,Erica Alvarez,53,Sharonstad,theresa41@hotmail.com
511,Crystal Avery,35,Robertstad,anthony66@yahoo.com
512,Jeremy Perez,29,Markshire,daisyjones@calderon.info
513,Miguel Foster,48,Garciaburgh,kyates@bauer-baker.com
514,Christopher Vaughan,31,North Andrewville,joshuamendoza@gmail.com
515,Dana Davis,36,North Michael,tracyhenderson@gmail.com
516,Dan Alexander,39,Lake Baileyland,xgould@hotmail.com
517,Ana Burns,36,Rogermouth,xdavis@yahoo.com
518,Michael Williams,47,New Jennifer,jennifer55@thomas-parrish.biz
519,Jonathan Sullivan,46,New James,aaron03@martin.com
520,Christina Lee,26,West Victoria,wendyholloway@anderson.com
521,Cynthia Cannon,57,Lindseyshire,kayla03@hotmail.com
522,Rebecca Shaw,53,Walterstad,vtravis@salazar.com
523,John Curtis,59,Hollyville,terri93@hotmail.com
524,John Tate,32,Michelleshire,hwilliams@weiss.com
525,Joseph Bryant,49,Stoneland,johnsonsamuel@yahoo.com
526,Scott Lopez,59,South Adrienneland,stricklandjennifer@gmail.com
527,Erika Gallegos,19,Nicholasville,tiffanybrown@hotmail.com
528,Brett Schwartz,54,West Joseph,whale@yahoo.com
529,Bridget Walsh,31,New Monica,rodriguezmelissa@gmail.com
530,Jimmy Lee,41,South Kelly,robinsonjose@yahoo.com
531,Peter Williams,29,Garyville,abigailgomez@meyers.info
532,Andrea Patterson,18,Douglashaven,michaelyoung@barnett.com
533,Gary Mueller,49,North Karenstad,lcook@webb.biz
534,Steven Moore,46,Port Stevenland,gonzalezkristen@hotmail.com
535,Jose Guerrero,46,Stephanieland,elewis@cross-thompson.com
536,Lynn Hernandez,47,Lake Heatherberg,josephandrews@johnson.com
537,Alexis Morales,43,New Susan,watsonanna@yahoo.com
538,Tommy Reid,25,Adamtown,award@hotmail.com
539,Monica Campbell,56,East David,melissaweaver@roberts-hayes.biz
540,Barry Moore,49,Port Tylerville,dustin80@steele.com
541,Jesse Hooper,40,South Samantha,portererika@richardson-figueroa.com
542,Austin Butler,25,West Ericaville,josephgriffith@gmail.com
543,Sheila Ramirez,49,North Teresahaven,dbrown@gmail.com
544,Megan Marsh,30,New Melanie,zacharyjones@hotmail.com
545,Lindsey Ruiz,56,South Katelynville,gary42@gmail.com
546,Randy Williams,32,Gonzalezton,sjohnson@may.biz
547,Eric Rodriguez,28,Lake Jessicaberg,jeanette81@olsen-edwards.com
548,Ashley Williams,41,Lake Jennifer,ericasmith@yahoo.com
549,Jacqueline Phillips,29,North Jaime,forbesjonathon@gmail.com
550,Jose Mays,42,Lake Roy,nsmith@hotmail.com
551,Sophia Williams,54,East Michelle,carriedaniels@castaneda-henry.com
552,Sabrina Moore,46,Laurenmouth,sharoncooper@hotmail.com
553,Jennifer Wood,55,Donnaborough,yross@yahoo.com
554,Mary Macias,53,North Jennifertown,mitchell87@gmail.com
555,Christopher Blake,29,Pricefurt,michael57@gmail.com
556,Jason Melton,24,West Josephmouth,cookkayla@williams.com
557,Bryan Sosa,44,Garciafurt,joshua97@martin-gaines.com
558,Alicia Stewart,34,Laurentown,hbaker@little-levine.info
559,Jerome Johnson,44,Port Jenna,lmartinez@adkins-fisher.com
560,Joe Hensley,60,Stevenville,michaelrobbins@newton-turner.biz
561,Diane Mason,42,Reedhaven,austindouglas@allen.com
562,Daniel Thompson,36,Reedberg,millerderek@mcdowell.com
563,Johnny Bennett,41,Taylorland,bakerkelli@yahoo.com
564,Jerry Alexander,29,Michaelview,stephenssuzanne@hotmail.com
565,Deborah Newman,29,South Victoria,christopher11@king-preston.com
566,Laura Miller,28,Michaelland,emilyramos@martin.com
567,Anthony Smith,44,Coreyport,natasha22@gmail.com
568,Whitney Young,37,Wilkersonton,lynchelizabeth@welch.com
569,Charles Mathis,39,Sherrychester,bradleyward@hotmail.com
570,Sabrina Garcia,26,Lake Jordan,smithkristina@ortiz-garcia.biz
571,Ellen Bryant,45,Lake Angelicaborough,eeaton@hotmail.com
572,Katherine Russell,51,East Catherineberg,dominic80@yahoo.com
573,Shannon Murillo,47,New Jasonville,hooderic@coleman-ramsey.com
574,Pamela Coffey,38,Wrightland,catherine39@yahoo.com
575,Frederick Coleman,48,Chungbury,robinsonlauren@hotmail.com
576,Jessica Moody,31,Craigton,timothychurch@pierce.com
577,Connor Yu,36,North Jasonfort,kellyrobinson@gmail.com
578,Lisa Bryant,44,Gardnershire,christian69@yahoo.com
579,Richard Taylor,35,Lake Bruce,martinezanthony@hotmail.com
580,Christopher Scott,21,East Jason,juarezbrian@hotmail.com
581,James Sherman,18,Martinezberg,ngillespie@hotmail.com
582,Barry Martin,59,West Charlesberg,xavier05@gmail.com
583,Anna Atkins,57,New Peter,cynthia62@matthews.info
584,Shirley Nguyen,40,West Alexander,castilloandrew@yahoo.com
585,Holly Jones,31,Port Tiffany,taylorderek@willis.info
586,Mr. Anthony Wagner PhD,29,Port Brandon,jcochran@kim.org
587,Edwin Lee,48,East Keith,richardsonamber@gmail.com
588,Charles Garcia,20,Justinton,amanda48@moore.net
589,Jennifer Bruce,47,East Brittneyshire,andrew66@moyer.info
590,Frances Smith,40,Lake Tony,jeremymorton@hotmail.com
591,Jerry Pollard,28,Cynthiamouth,davidjones@house.com
592,Ashley Peck,36,South Barbaraside,rosesara@russell.biz
593,Brandon Roberts,48,Josephshire,james47@garner.com
594,Nicholas Burke,25,Colemanfurt,stacy42@hotmail.com
595,Timothy Nelson MD,34,Christieland,daysara@bird-green.com
596,Robert Lee,57,Lake Kaylafort,brooksjennifer@gmail.com
597,Mallory Page,45,Ellisonport,tmunoz@yahoo.com
598,Hailey Obrien,60,Lisamouth,ssmith@gmail.com
599,Jennifer Christensen MD,36,Derekstad,andrew87@owens-li.com
600,Taylor Wallace,21,East Troy,racheldavis@wilson.com
601,Ashley Smith,54,North Anthonyton,floresmichael@yahoo.com
602,Joshua Johnson,28,Michaelton,christopher95@gmail.com
603,Brett Hughes,42,Lake Michael,maryjoseph@jones-thompson.com
604,Cheryl Griffin,43,Huertafort,allison13@lamb-mcdowell.info
605,Dominique Smith,47,Foxville,brittany04@oconnor-smith.net
606,Angela Hutchinson,45,West Ryan,jamesvernon@carter-vargas.com
607,Alyssa James,51,South Michealside,qbowers@sanchez.com
608,Jamie Chan,26,North Whitneystad,michaelharris@anderson.com
609,Angela Hayes,19,Moorestad,jessicawashington@moore.biz
610,Michael Hampton,39,South Jason,joneschristopher@chambers.biz
611,Stephanie Pollard,20,Mcdanielberg,deborah17@yahoo.com
612,Hunter Thomas,43,Heatherchester,zachary83@gmail.com
613,Jason Jenkins,43,South Terri,henrychristopher@gmail.com
614,Laura Garcia,35,North Jeffreychester,camposjennifer@gmail.com
615,Kimberly Anderson,30,South Nicole,christine39@olsen.com
616,Adam Allen,59,East Robertberg,gberry@gmail.com
617,Manuel Anderson,24,Valenciaview,newmanyvonne@boone.com
618,Brandi Reeves,35,Blackwellfurt,fwarren@allen-miller.com
619,Tammy Harvey,31,East Reginamouth,lpatel@taylor-white.com
620,Lori Torres,23,East Michaelmouth,gwendolynlarson@yahoo.com
621,Danielle Juarez,50,New Oscar,sarahshaw@boyd.net
622,Matthew Fry,32,East Cassandra,gwiley@moore.info
623,Brandi Knight,36,Daughertytown,christine88@yahoo.com
624,Maria Owens,45,Vegaburgh,douglas63@wallace.com
625,Robin Martinez,48,East Ronaldview,thompsonalicia@hotmail.com
626,Michael Brooks,29,West Angelabury,coreysolis@gmail.com
627,Diana Bell,21,East Jillview,randall15@gmail.com
628,Lisa Williams,56,Kelseymouth,gjames@yahoo.com
629,Sylvia Henderson,47,Dannyfort,christopherzavala@gmail.com
630,Robin Robinson,59,Carlatown,nathantaylor@gmail.com
631,Louis Nielsen,50,East Brandyfurt,swoods@lane-holmes.com
632,Jamie Middleton,26,North Angelicaside,vlarson@hotmail.com
633,Joshua Cline,27,Angelafort,laura21@marsh-bradford.com
634,Kevin Clark,47,East Charles,jmaldonado@murray.com
635,Zachary Wang,54,Levitown,sethdavis@obrien-gonzalez.biz
636,Patrick Thomas,58,Ortizburgh,brownjames@hotmail.com
637,Jason Kramer,46,South Tracy,abrown@hotmail.com
638,Melissa Smith,41,Jacquelineside,ogibson@frank.com
639,Beverly Roberts,43,New Ashley,michelle69@williams.biz
640,Kenneth Nichols,47,Meyerfurt,eramirez@williams.com
641,Karen Hall,28,Wagnertown,lscott@gmail.com
642,James Weiss,34,South Mary,jthomas@knight.biz
643,Shane Hernandez,24,South Kayla,uwolf@herrera.biz
644,Erica Robbins,23,West Soniamouth,nunezdarius@cline.com
645,Joel Benton,45,Jonathanstad,kimberlyholmes@holt.com
646,Willie Lyons,24,New Nicholas,monica31@johnson-arnold.com
647,Carrie Ramirez,25,New Jeremy,mreyes@yahoo.com
648,Kimberly Sanders,29,Sheilaside,robinsonfernando@cox.com
649,Zachary Cummings,20,Brianshire,xunderwood@macdonald.com
650,Lisa Murphy,50,Port Timothyshire,david90@riggs.com
651,Kaitlyn Wright,51,Lewisport,hartmichelle@hotmail.com
652,Janet Cunningham,51,Donaldton,pflynn@baker.com
653,Shelby Elliott,21,East Dannyport,elizabethgarcia@silva.com
654,Scott Johnson,57,Ashleyview,johnsondonna@yahoo.com
655,Michael Montgomery,29,Marthamouth,zhill@duncan-reed.net
656,Dennis Graves,25,North Lawrencefort,taylorchristina@hotmail.com
657,Jason Pittman,33,Morrismouth,tamarajones@benson-arnold.com
658,Michelle Reynolds,41,Lake Jenniferberg,leearthur@edwards-donaldson.com
659,Gary Gaines,25,Lake Katherinechester,james88@estrada.biz
660,Paul Wade,57,West Rebecca,amanda64@hotmail.com
661,Sandra Sullivan,33,West Jenniferport,brittany78@cruz.com
662,Jody Allen,19,Torresmouth,paula73@little.biz
663,Jennifer Howell,60,Robinsonshire,daniel02@wilson-dennis.net
664,Randy Moore,55,East Robert,daniellemurphy@gmail.com
665,Kimberly Schmidt,24,Barbarahaven,thomaselizabeth@hotmail.com
666,Robert Osborn,32,New Thomasmouth,sanchezanthony@yahoo.com
667,Roberto Weeks,26,Cannonview,chood@johnson.biz
668,Amanda Poole,24,Lake Williammouth,uclark@gmail.com
669,Andrea Vasquez,40,Randallmouth,jenniferanderson@yahoo.com
670,Jason Weber,39,New Christophermouth,daniel56@gmail.com
671,April Barry,39,Gwendolynview,toddsmith@krause-fernandez.info
672,Richard Park,41,Michaelview,petersondaniel@hall-thomas.com
673,Cynthia Stevenson,30,South Joshuafurt,ijohnson@gmail.com
674,Robert Marshall,32,Raymondbury,ptorres@gmail.com
675,Lisa Estrada,28,South Elizabeth,lisalogan@henderson.net
676,Jean Patrick,34,New Jonathanshire,llopez@yahoo.com
677,James Jimenez,33,Port Jonathan,jaymay@gonzalez.biz
678,David Hines,37,Danieltown,hpeterson@hotmail.com
679,William Taylor,59,Jameschester,saunderslarry@yahoo.com
680,Kimberly Matthews,31,East Matthewborough,lindajohnson@graham-fox.info
681,Lisa Gonzalez,27,Port Markland,justinwarren@hotmail.com
682,Taylor Harris,41,New Carlosbury,ashleywright@craig.biz
683,Jessica Torres,30,New Angelafort,gcalhoun@hotmail.com
684,Jeffery Rivas,36,Simpsonbury,amy56@gomez-perez.com
685,Terry Cline,26,East Sharon,egamble@hotmail.com
686,Blake Wu,58,New William,rodney33@mccormick-brown.org
687,Courtney Chapman,42,Davidshire,danmanning@hotmail.com
688,Joshua Jones,34,North Claudia,susan76@gmail.com
689,Scott Blake,38,Port Jeffrey,karenking@wang-bennett.biz
690,Corey Hill,49,Timothychester,leah56@waller.com
691,Yvonne Deleon,57,Angelatown,gregoryhoffman@hotmail.com
692,Robert Woods,52,East Johnchester,ginarangel@yahoo.com
693,Troy Jackson,20,Port Brittanyborough,eboyd@silva.net
694,Elizabeth Jones,48,Thomasshire,wilsonstacy@gmail.com
695,Russell Richards,21,North Cindy,jasonporter@ruiz-sullivan.net
696,Tina Sanchez,22,Webermouth,james26@barnett.biz
697,David Owens,39,Tinabury,fperry@flores-murphy.info
698,Victor Smith,48,Moorehaven,hannah83@hotmail.com
699,Charles Frank,44,North Nathanport,ariel18@wilson-wilson.com
700,Michael Goodwin,50,Kristinaland,josephmartin@hotmail.com
701,Jennifer Winters,58,Port Anthony,lisa78@james.com
702,Troy Adams,51,Shepardville,ivanwalters@hotmail.com
703,Jodi Smith,19,Cynthiaburgh,samuel33@hotmail.com
704,Christopher Frank,56,Lake Luistown,johnvillanueva@gmail.com
705,Matthew Long,51,Lake Annfurt,heidifitzpatrick@hotmail.com
706,Thomas Joseph,18,Lake Jacqueline,lawrence81@schultz.com
707,Gina Watson,22,Port Nicholasside,marymarshall@liu.org
708,Donna Gonzalez,31,Sandovalport,davissamuel@gmail.com
709,Angela Mcneil,49,Port David,gdiaz@yahoo.com
710,Karen Griffin,34,Williamsmouth,raymondblevins@gmail.com
711,Mrs. Victoria Vaughn,31,West Billychester,jwilliams@yahoo.com
712,Jeremy Mora PhD,18,Deleonfort,cwoodard@hotmail.com
713,Anthony Moon,35,Walkerborough,burgessshannon@fox.com
714,Barry Berry,21,Fosterberg,maryanderson@beltran.net
715,Crystal Harris,18,North Johnmouth,rickacosta@hotmail.com
716,Brianna Baker,35,Burnsbury,jeffrey66@gmail.com
717,David Ellis,42,Maryside,bmonroe@glass-powers.com
718,Gabriela Johnson,52,Georgeburgh,mckayethan@jones.com
719,Jennifer Robinson,57,Henrybury,apacheco@yahoo.com
720,Brittany Hayden,31,South David,rmitchell@hotmail.com
721,Kimberly Williams,35,Heatherhaven,zwalker@jennings.net
722,Christopher Jackson,30,North Audrey,jessica36@conrad-lee.com
723,Susan Chavez,37,Port Jodiburgh,ihall@thomas.org
724,Scott Cabrera,22,Randallville,rhiggins@knight-ochoa.com
725,Desiree Conner,53,Traciville,kelli59@jones.info
726,Lisa Bowman,34,Reginafurt,kelseyhanson@martin-evans.com
727,Patrick Chandler,19,Maryport,nicole62@hotmail.com
728,Mike Myers,25,Reidborough,evanserica@yahoo.com
729,Jason Garza,34,North Erin,scottryan@yahoo.com
730,Jacob Poole,29,Jasonbury,mortondenise@hotmail.com
731,Reginald Bautista,26,New Edward,tolson@carlson.biz
732,Victoria Smith,18,Alecmouth,jonathan50@hotmail.com
733,Christopher Hodges,31,Lake Michael,andrew74@gmail.com
734,John Hogan,53,Humphreyfurt,josejohnson@washington-chambers.org
735,Christopher Mendez,49,East Matthew,benitezcassandra@gmail.com
736,Phillip Shepherd,50,Port Scottberg,christopherbradley@yahoo.com
737,Jessica Collier,25,Port Charleschester,xwilliamson@gmail.com
738,William Dennis,25,Lake Andreshire,lawrence39@reed.org
739,Dylan Patterson,32,Suzanneport,mandywinters@french.org
740,Robert Daniels,19,Lake Alanfort,rittercory@gmail.com
741,Jane Garcia,29,Dwaynebury,donaldmendez@gmail.com
742,Kelly Perry,58,Robertston,regina93@hotmail.com
743,Jeff Roberts,51,North Melissa,lauren24@jones.com
744,Heather Wilson,56,Lake Darryl,chernandez@gmail.com
745,Matthew Martin,37,Lake Kayla,davisdanny@mcguire-harper.com
746,Monica Bentley,60,Harrychester,joseph33@gmail.com
747,Amy Taylor,23,Ewingville,vsmith@ellison.com
748,Jessica Holmes,31,Nicoleside,mullenmichael@yahoo.com
749,Colleen Smith,60,Lynnton,catherine49@abbott-smith.com
750,Bryan Kemp,45,Port Kathleenmouth,opugh@yahoo.com
751,Robert Smith,30,Rojasburgh,marcus13@hotmail.com
752,Thomas Webster,19,Peterside,adamjones@hotmail.com
753,Melissa Smith,56,Amyfurt,katelyncross@bishop-barrett.com
754,Juan Sanchez,32,Chavezstad,james79@yahoo.com
755,Jennifer Wagner,30,Danatown,hbrown@fowler-chavez.com
756,Mike Lopez,51,East Kimberlyberg,zsimmons@yahoo.com
757,Nicholas Brown,19,Lake Stephenberg,wparker@martin.com
758,Jeanette Spencer,59,Mataberg,shelbywebb@gmail.com
759,Sandra Bowman,44,Wilsonton,garciaryan@wu.com
760,Dr. Daniel Wood,58,New Michelle,earlhansen@gmail.com
761,Paul Martin,27,East Mary,monicasanchez@rodriguez.com
762,Adam Fitzgerald,25,Pearsonberg,campbellmelanie@jackson.com
763,Drew Sullivan,60,Brianchester,lynchjoseph@cole.com
764,Michael Christian,24,New Ericatown,austin05@avery.com
765,Jeffrey Davis,51,Andersonport,aellis@robertson-quinn.com
766,Erin Saunders,40,New Shannonview,kimberlywoods@gmail.com
767,Kendra Boyd,53,Danielleview,chad45@clark.net
768,Justin Cohen,45,Andersonmouth,dgarcia@hotmail.com
769,Brett Jennings,21,Lake Adam,kevin12@yahoo.com
770,Katelyn Nicholson,51,Flynnport,wardmaxwell@yahoo.com
771,Mariah Ramirez,45,Port Katie,denisejohnston@hotmail.com
772,Alexander Williams,20,Port Riley,krista53@robinson.com
773,Hayley Owens,46,Port Frank,brownchristopher@hotmail.com
774,Travis Oneal,24,Wallerberg,spencereric@berger.com
775,Nicole Ryan DDS,36,New Christopher,stephanie06@king-macdonald.biz
776,Alexa Sandoval,25,Janetfort,travisbrett@mclaughlin.info
777,Veronica Fox,47,New Jenniferbury,tammytodd@gmail.com
778,Susan Johnson,49,New Veronicachester,crawfordsarah@yahoo.com
779,Ryan Lambert,57,East Robertton,samuelmcclure@yahoo.com
780,Christina Gilmore,53,Lynchstad,petersondevon@wright.net
781,Candace Nunez,44,Derekfort,kathleenfreeman@hotmail.com
782,Kevin Garcia,31,New Marcus,romerokimberly@pena.com
783,Stephanie Wise,33,Jenniferberg,prichards@hotmail.com
784,Michael Dawson,44,South Aaron,rsmith@hotmail.com
785,Michelle Adkins,44,Port Tina,mercadokendra@gmail.com
786,Robert Walsh,19,North Teresa,fryebrandon@gmail.com
787,Kelly Wright,40,Lake Philip,cherylgibson@graves-young.com
788,Kayla Stephens,49,West Maria,melissa00@gmail.com
789,Kelly Barnes,56,Johnland,adkinsjill@smith.biz
790,Joe Smith,43,South Melissa,bakerjennifer@wood-white.com
791,Susan Whitaker,37,Gonzalezbury,zvelez@kim.com
792,Mr. Joshua Shaw,23,New Victorland,caitlynroman@yahoo.com
793,Mr. Kevin Jones,30,Antonioland,wmora@gmail.com
794,Christopher Taylor,43,Nunezfort,justin71@horne.com
795,Jason Jones,50,Port Jamieville,staylor@yahoo.com
796,Melanie Reynolds,40,New Jasonchester,jenniferhicks@cabrera.biz
797,Jonathan Rogers,19,South Jonathanshire,patrick08@walls.com
798,Angela White,43,Goodmanton,stevenmoran@gmail.com
799,Brett Parsons,56,Zhangtown,danieljohn@hotmail.com
800,Tiffany Parks,36,Williamsbury,elizabethtaylor@bernard-gutierrez.info
801,Jody Snow,60,Port Ryanton,sergio95@hotmail.com
802,Isaac Jordan,52,Berrytown,rhodesjames@hotmail.com
803,Nathan Steele,59,Maryborough,trogers@fuller.com
804,Zoe Gregory,27,Ronniechester,mjohnson@kennedy.net
805,James Villanueva,24,Lake Kaylaberg,bbrown@hurst-walker.com
806,Michael Campos,23,Johnmouth,jacquelinenixon@stevens.com
807,Ashlee Ali,32,Pamelachester,carolharrison@barr.biz
808,Elaine Knight,41,Port Kristen,ryan29@morrison.com
809,David Gonzalez,57,Dukestad,hflores@hotmail.com
810,Michael Romero,33,Francisberg,kevin63@tyler-pineda.com
811,Brandon Washington,57,Brandtfort,charles45@hotmail.com
812,Sierra Wilson,44,Williamshaven,zachary68@gmail.com
813,Beth Taylor,46,Mendozachester,fsherman@le.biz
814,Mr. Zachary Stanley Jr.,60,Robertchester,vharrison@hotmail.com
815,Aaron Hernandez,32,North Lindsayhaven,josephsmith@hotmail.com
816,Phillip Montoya,59,Jasonside,kenneth22@davis.com
817,Alexander Hunt,53,Bowersside,john24@hotmail.com
818,Drew Hobbs,52,Lake Rachelchester,richard91@gmail.com
819,Drew Flores,53,Harmonland,michael15@strickland.org
820,Wesley Fuentes,29,East Rachel,jolson@edwards.com
821,Michael Robbins,48,Barnettshire,galvantodd@martin.com
822,Justin Jones DDS,37,South Matthew,joshua13@dodson-horton.com
823,Anthony Mccoy,54,Mitchellhaven,sheilazuniga@cook.info
824,Jennifer Contreras,45,Blanchardbury,barnesdonna@thomas.info
825,John Frazier,30,Kristinatown,tomwest@joseph.info
826,Gregory Cortez,52,Stephensburgh,jjohnson@koch.com
827,Christopher James,57,Courtneytown,ubowers@yahoo.com
828,Charles Jordan,25,Port Sarah,obrientammy@gmail.com
829,Wesley Hodges,36,Lake Jon,laurapitts@hotmail.com
830,Sarah Robinson,42,Harringtonmouth,faith81@yahoo.com
831,Christine Miller,20,North Kristi,dennissanders@davidson.info
832,Cheryl Guerra,42,Cassandrafurt,ashley99@gmail.com
833,Corey Scott,44,West Michelle,melanie41@roberts.com
834,Theresa Ortiz,25,East Royburgh,jeffrey64@evans.com
835,Rebecca Brown,36,Benitezmouth,johnrojas@hotmail.com
836,Brandy Herrera,45,Johnsonbury,oharris@clark.com
837,Kevin Wood,27,North Alexander,fhopkins@hotmail.com
838,Jessica Tate,52,North Frank,ygonzalez@hicks-edwards.com
839,Jordan Williams,35,New Karen,claybrian@dunn.com
840,Mary Brown,54,Lake Leslie,todd25@hotmail.com
841,Adrian Arias,53,Hillside,pauldebra@gmail.com
842,Jesse Davis,47,Port Joshua,ryan58@jackson-schneider.net
843,Bradley Keith,58,Kevinchester,qday@shepard.org
844,Jillian Jackson,54,Evanmouth,judithcarr@yahoo.com
845,Benjamin Flores,34,Katherineview,georgejeffery@robinson-juarez.com
846,Jared Berry,19,Jennifershire,dale52@yahoo.com
847,Joyce Terrell,50,New Lorifort,katiemorrison@jones.com
848,David Perry,42,Tiffanymouth,herickson@hotmail.com
849,Robin Glass,27,South Stephanieville,brian98@newton-conley.com
850,Joseph Jones,48,Vincentside,haleymonroe@yahoo.com
851,Nicole Vasquez,45,Gardnerbury,kingdenise@yahoo.com
852,Maria Santiago,47,Flemingtown,richard94@mcpherson.com
853,Jodi Ellis,52,Lake Jeffreychester,johnsonjon@carter.com
854,Austin Eaton,60,Harrischester,woodwarddorothy@hotmail.com
855,Kelly Peck,28,Port Carl,jamesking@salazar-miller.com
856,Sherry Wilson,43,Russellland,tamarapetersen@gmail.com
857,David Solis,50,Port Tyroneberg,ryanmurphy@davis-tyler.info
858,Sheri Vega,26,Patrickland,garnermaureen@gmail.com
859,Brittney Keller,25,West Pamelaside,briannamoody@byrd.com
860,Zachary Campbell,28,Josephton,travis15@yahoo.com
861,Samantha Davis,50,South Christopherbury,anthonyjones@yahoo.com
862,Maurice Fox,51,East Emilyview,howardjames@gmail.com
863,Kimberly Fletcher,35,Emmaberg,duranmichelle@hotmail.com
864,Chelsea Powers,35,New Angel,charlesbrown@lewis.com
865,Kevin Fowler,58,New Debbieside,edwardsjose@hotmail.com
866,Lisa Santos,42,Kevinmouth,maldonadomary@wade.com
867,Samuel Cole,60,Bellfurt,newtonnatalie@bartlett-knight.com
868,Juan Gomez,56,North Brent,anthony61@stanley-dixon.com
869,Anthony Wright,60,Kathyberg,williamsmichael@duran.org
870,Shawn Marshall,22,East Feliciaport,fclark@clay.com
871,Mathew Harrison,20,Loriside,joykirby@hotmail.com
872,Jodi Caldwell,47,Allenfort,brandy61@haney.biz
873,Rachel Bowman,32,Powellmouth,murraytaylor@gmail.com
874,Kimberly Gray,31,Hoffmanmouth,griffindavid@moreno.net
875,Maria Sanchez,57,Charlesfurt,kevin84@thomas.com
876,Carol Cross,52,West Alexander,strongrachel@gibson.com
877,Charles Brown,21,Carterfurt,dglenn@harris.com
878,Kerry Simmons,28,Princetown,alison36@holland.com
879,Megan Prince,37,North John,fanderson@yahoo.com
880,Kimberly Russell,23,North Karenmouth,katiefoster@harper-downs.com
881,Peter Young,32,Christinastad,vzimmerman@mcdonald.com
882,Nicole Daniels,21,Maryhaven,hailey33@gmail.com
883,Joseph Arroyo,46,Davidbury,kbradford@floyd.info
884,Tiffany Brown,48,Taylorbury,michaelpacheco@hotmail.com
885,Ryan Hernandez,21,North Marcusfurt,wrodriguez@collier.info
886,Darlene Lee,46,Thorntonfurt,phillipsangel@gmail.com
887,Valerie Baker,29,North Joanne,pcombs@carpenter.com
888,Melvin Grimes,33,New Danachester,nlong@gmail.com
889,Victor King,24,Lake Kathleen,grantharvey@gmail.com
890,Christopher Briggs,18,West Don,james21@lee-brown.com
891,Michael Webb,55,New Kevin,leetyler@hudson.info
892,Emily Murphy,25,East Kenneth,hillcarl@schultz.com
893,Sarah Arnold,58,Pamelaborough,ahickman@delacruz.info
894,Alexis Stanton,57,Miaborough,evanpacheco@hopkins.com
895,Terri Griffin,49,Fergusonborough,geraldbarton@gmail.com
896,Clayton Gonzalez,22,North Ericamouth,mark30@yahoo.com
897,Heather Sawyer,59,Lisaburgh,rubiomelinda@gmail.com
898,Stephen Hayes,52,North Samanthaville,pricekristen@yahoo.com
899,Emily Todd,49,Evansshire,andrewlopez@brock.info
900,Paul Nguyen,53,Alexanderview,whicks@cox.info
901,Keith Martinez,53,Herreraport,howellbrandon@duran-mack.com
902,Eric Flores,40,Burnsborough,sheryl75@yahoo.com
903,Lauren Reyes,58,Port Danielle,aliciajimenez@yahoo.com
904,David Jenkins,19,Hudsonside,boydjessica@burgess-garcia.org
905,Alyssa Nelson,23,East Andrea,klee@hotmail.com
906,Shannon Taylor,54,New Timothyside,lee39@scott.biz
907,Martin Thomas,37,Port Ryan,xmora@hotmail.com
908,John Johnson,42,Port Samanthaton,josephwilson@gmail.com
909,Christian Payne,48,Simpsonfort,zmyers@craig.com
910,Brian Bailey,20,West Timothy,jali@grant-james.net
911,Travis Stone,31,Kristieborough,schroederkathleen@gmail.com
912,Amy Walters,51,Floresfort,shortmichele@morgan.com
913,Kristin Day,58,Johnsonfurt,daniel63@salinas-mason.com
914,Jennifer Conley,24,Amyside,crivera@gmail.com
915,Tony Evans,55,Port Heather,tonya69@hotmail.com
916,Michael Prince,57,Port Scottmouth,harveycarla@shah.net
917,Kaitlyn Oneill,56,Lindseyside,kellerbecky@sullivan-parrish.biz
918,James Smith,24,West Steven,schmidtbradley@robles.org
919,Christopher Brown,59,West Sarahfort,samantha40@murphy-ballard.biz
920,Stephen Li,28,North Stephen,william71@gmail.com
921,Stephanie Jackson,54,South Andrewmouth,kyle60@smith.com
922,Caroline Marshall,59,North Nicolestad,lauracox@johnson.info
923,Rebekah Gomez,18,East Patriciaburgh,jray@ballard-smith.biz
924,Alicia Tanner,37,Lake Connorberg,zchambers@brock.net
925,Terry Stevens,42,Meredithchester,alanbailey@murphy.com
926,Taylor Roberts,18,East Edward,rnorman@hotmail.com
927,Colleen Leonard,25,South Patrick,sethalvarez@maldonado.org
928,Mrs. Traci Jones MD,30,New Lauren,matthew97@gmail.com
929,Derrick Schneider,46,Trujilloland,natalie84@hotmail.com
930,Joshua White,50,New Donaldview,brandonmoore@perez.net
931,Gary Wolfe,19,New Ana,craigeverett@gmail.com
932,Scott Delgado,59,South Michelle,barbara88@yahoo.com
933,Paula Martin,22,Martinport,leslieallen@yahoo.com
934,Amy Harper,34,Marksview,valeriehuff@glass-novak.com
935,Joshua Flores,51,Randyfort,osbornekathy@gmail.com
936,Mitchell Bryant,27,Whiteville,vpatrick@rodriguez.org
937,Jennifer Choi,51,Edwardland,molly79@gates.biz
938,Rodney Daniel,23,Rebeccamouth,ythompson@hotmail.com
939,Renee Willis,31,Murphyhaven,btaylor@gmail.com
940,Daniel Gonzalez,29,Jonathanfurt,summerscarol@green-ward.net
941,Andrew Reilly,42,North Michael,morrismary@yahoo.com
942,Amy Strickland,36,North Jodi,floydbeverly@yahoo.com
943,Linda Hill,26,New Christina,harringtonjoseph@fuentes.net
944,Antonio Henderson,19,East Ericashire,ylewis@russo.info
945,Rachael Brown,58,Lake Kaylaton,robertsamanda@santiago.info
946,Kimberly Rivera,30,North April,njacobs@gmail.com
947,Jessica Todd,42,Torreshaven,john22@gmail.com
948,James Nunez,46,Lake Jacobport,raymondnorris@yahoo.com
949,Tyler Miller,60,North Thomasmouth,longbilly@brown.com
950,Sandra Gibson,31,East Bobbyville,adam94@gmail.com
951,Steve Cabrera,27,Port Melissashire,jacobmann@hotmail.com
952,Scott Allen,55,West Jasmine,michaelwang@yahoo.com
953,Elizabeth Payne,22,East Brettside,parkertiffany@hotmail.com
954,Chase Martin,34,Lindseyton,robertawong@gmail.com
955,Michael Patton,21,East Edward,ysmith@edwards.com
956,Brian Wallace,37,Port Mitchellhaven,adamssara@rodriguez.net
957,David Harvey,26,Lake Jasonfurt,johnsonpaul@gmail.com
958,Sabrina Mullins,35,West Melissa,klin@gmail.com
959,Krista Goodwin,57,Port Kimberlyborough,jennifercooper@brown.info
960,Anna Morrow,55,South Alanmouth,jenniferwarren@hughes-lee.com
961,Diane Mathis,50,Denisechester,kirsten27@hotmail.com
962,Benjamin Campbell,58,Kimberlyfort,mistyfernandez@yahoo.com
963,Miranda Savage,20,Lake Christopherfort,eddiemoses@yahoo.com
964,Randy Perez,53,East Nicole,jimenezjoseph@hotmail.com
965,Brianna Kaufman,56,New Ashley,wolfjohn@hotmail.com
966,Andrew Chang,37,Stoneberg,sharonnoble@yahoo.com
967,Judy Underwood,34,Hernandezton,thompsonjoseph@gmail.com
968,Elizabeth Carroll,40,North Brittney,pinedakyle@kirk.com
969,Ricky Murray,23,Gonzalezville,imiller@pena.com
970,Laura Mendoza,30,Odonnellshire,websterjonathan@yahoo.com
971,Ashley Smith,25,Dannyfort,moorevanessa@gmail.com
972,Diane Newman,35,Lake Felicia,angelacruz@gmail.com
973,Edward Lester,36,Markchester,taylorjustin@elliott-soto.com
974,Matthew Davis,55,Christopherborough,lallen@hotmail.com
975,Randall Morales,45,Jasonside,fcarpenter@lopez.com
976,George Johnson,23,New Gregg,longapril@mcfarland.biz
977,Jill Pacheco MD,41,Briannamouth,lee11@mccarthy.com
978,Rachel Walker,53,West Tony,fmoore@gmail.com
979,Ronald Duncan,31,Port Kristenside,xstevens@wilkinson.com
980,Sherry Moss,19,Johnbury,gonzalesbrandi@gmail.com
981,Melinda Cole,33,Cunninghamland,waynegrimes@gmail.com
982,Cindy Boone,48,New Tammyfurt,glynch@yahoo.com
983,William Hernandez,48,Johnbury,melindasims@gmail.com
984,Lori Orozco,22,West Saraberg,gregory31@bowers.com
985,Michelle Velez,32,Stokesland,timothy37@davis-bell.com
986,Dustin Hall,26,Lake Christinetown,mosleymelissa@castro.com
987,John Rodgers,51,New Robert,lindsay18@hotmail.com
988,Julie Blair,38,New Amyville,tiffany91@burch.org
989,Timothy Jenkins,44,Port Williamfort,miranda96@gmail.com
990,Deborah Johnson,49,Christopherberg,rodriguezcourtney@hotmail.com
991,Jill Kirk,20,Lewisfort,millerdavid@hotmail.com
992,Andrew Patel,59,West Francis,marvin76@gmail.com
993,Julie Dunn,35,Lorihaven,andrew38@yahoo.com
994,Suzanne Dixon,40,South Rileyhaven,jessicapowell@stephens-best.com
995,Hayden Wilson,50,Stewartfort,amber01@jackson.com
996,Thomas Vance,43,Michaelmouth,clarson@aguilar.biz
997,Melissa King,37,Lake Davidside,victor07@gmail.com
998,Nathan Martinez,34,Wigginston,carterallison@nelson.com
999,Kelli Berg,53,Lake Amberville,kimberly69@yahoo.com
1000,Kristen Lyons,54,Laurenville,tbowen@gmail.com
